名前,タイプ,分類,威力,PP
はたく,ノーマル,ぶつり,40,35
からてチョップ,かくとう,ぶつり,50,25
おうふくビンタ,ノーマル,ぶつり,15,10
れんぞくパンチ,ノーマル,ぶつり,18,15
メガトンパンチ,ノーマル,ぶつり,80,20
ネコにこばん,ノーマル,ぶつり,40,20
ほのおのパンチ,ほのお,ぶつり,75,15
れいとうパンチ,こおり,ぶつり,75,15
かみなりパンチ,でんき,ぶつり,75,15
ひっかく,ノーマル,ぶつり,40,35
はさむ,ノーマル,ぶつり,55,30
ハサミギロチン,ノーマル,ぶつり,,5
かまいたち,ノーマル,とくしゅ,80,10
つるぎのまい,ノーマル,へんか,,20
いあいぎり,ノーマル,ぶつり,50,30
かぜおこし,ひこう,とくしゅ,40,35
つばさでうつ,ひこう,ぶつり,60,35
ふきとばし,ノーマル,へんか,,20
そらをとぶ,ひこう,ぶつり,90,15
しめつける,ノーマル,ぶつり,15,20
たたきつける,ノーマル,ぶつり,80,20
つるのムチ,くさ,ぶつり,45,25
ふみつけ,ノーマル,ぶつり,65,20
にどげり,かくとう,ぶつり,30,30
メガトンキック,ノーマル,ぶつり,120,5
とびげり,かくとう,ぶつり,100,10
まわしげり,かくとう,ぶつり,60,15
すなかけ,じめん,へんか,,15
ずつき,ノーマル,ぶつり,70,15
つのでつく,ノーマル,ぶつり,65,25
みだれづき,ノーマル,ぶつり,15,20
つのドリル,ノーマル,ぶつり,,5
たいあたり,ノーマル,ぶつり,40,35
のしかかり,ノーマル,ぶつり,85,15
まきつく,ノーマル,ぶつり,15,20
とっしん,ノーマル,ぶつり,90,20
あばれる,ノーマル,ぶつり,120,10
すてみタックル,ノーマル,ぶつり,120,15
しっぽをふる,ノーマル,へんか,,30
どくばり,どく,ぶつり,15,35
ダブルニードル,むし,ぶつり,25,20
ミサイルばり,むし,ぶつり,25,20
にらみつける,ノーマル,へんか,,30
かみつく,あく,ぶつり,60,25
なきごえ,ノーマル,へんか,,40
ほえる,ノーマル,へんか,,20
うたう,ノーマル,へんか,,15
ちょうおんぱ,ノーマル,へんか,,20
ソニックブーム,ノーマル,とくしゅ,,20
かなしばり,ノーマル,へんか,,20
ようかいえき,どく,とくしゅ,40,30
ひのこ,ほのお,とくしゅ,40,25
かえんほうしゃ,ほのお,とくしゅ,90,15
しろいきり,こおり,へんか,,30
みずでっぽう,みず,とくしゅ,40,25
ハイドロポンプ,みず,とくしゅ,110,5
なみのり,みず,とくしゅ,90,15
れいとうビーム,こおり,とくしゅ,90,10
ふぶき,こおり,とくしゅ,110,5
サイケこうせん,エスパー,とくしゅ,65,20
バブルこうせん,みず,とくしゅ,65,20
オーロラビーム,こおり,とくしゅ,65,20
はかいこうせん,ノーマル,とくしゅ,150,5
つつく,ひこう,ぶつり,35,35
ドリルくちばし,ひこう,ぶつり,80,20
じごくぐるま,かくとう,ぶつり,80,20
けたぐり,かくとう,ぶつり,,20
カウンター,かくとう,ぶつり,,20
ちきゅうなげ,かくとう,ぶつり,,20
かいりき,ノーマル,ぶつり,80,15
すいとる,くさ,とくしゅ,20,25
メガドレイン,くさ,とくしゅ,40,15
やどりぎのタネ,くさ,へんか,,10
せいちょう,ノーマル,へんか,,20
はっぱカッター,くさ,ぶつり,55,25
ソーラービーム,くさ,とくしゅ,120,10
どくのこな,どく,へんか,,35
しびれごな,くさ,へんか,,30
ねむりごな,くさ,へんか,,15
はなびらのまい,くさ,とくしゅ,120,10
いとをはく,むし,へんか,,40
りゅうのいかり,ドラゴン,とくしゅ,,10
ほのおのうず,ほのお,とくしゅ,35,15
でんきショック,でんき,とくしゅ,40,30
10まんボルト,でんき,とくしゅ,90,15
でんじは,でんき,へんか,,20
かみなり,でんき,とくしゅ,110,10
いわおとし,いわ,ぶつり,50,15
じしん,じめん,ぶつり,100,10
じわれ,じめん,ぶつり,,5
あなをほる,じめん,ぶつり,80,10
どくどく,どく,へんか,,10
ねんりき,エスパー,とくしゅ,50,25
サイコキネシス,エスパー,とくしゅ,90,10
さいみんじゅつ,エスパー,へんか,,20
ヨガのポーズ,エスパー,へんか,,40
こうそくいどう,エスパー,へんか,,30
でんこうせっか,ノーマル,ぶつり,40,30
いかり,ノーマル,ぶつり,20,20
テレポート,エスパー,へんか,,20
ナイトヘッド,ゴースト,とくしゅ,,15
ものまね,ノーマル,へんか,,10
いやなおと,ノーマル,へんか,,40
かげぶんしん,ノーマル,へんか,,15
じこさいせい,ノーマル,へんか,,5
かたくなる,ノーマル,へんか,,30
ちいさくなる,ノーマル,へんか,,10
えんまく,ノーマル,へんか,,20
あやしいひかり,ゴースト,へんか,,10
からにこもる,みず,へんか,,40
まるくなる,ノーマル,へんか,,40
バリアー,エスパー,へんか,,20
ひかりのかべ,エスパー,へんか,,30
くろいきり,こおり,へんか,,30
リフレクター,エスパー,へんか,,20
きあいだめ,ノーマル,へんか,,30
がまん,ノーマル,ぶつり,,10
ゆびをふる,ノーマル,へんか,,10
オウムがえし,ひこう,へんか,,20
じばく,ノーマル,ぶつり,200,5
タマゴばくだん,ノーマル,ぶつり,100,10
したでなめる,ゴースト,ぶつり,30,30
スモッグ,どく,とくしゅ,30,20
ヘドロこうげき,どく,とくしゅ,65,20
ホネこんぼう,じめん,ぶつり,65,20
だいもんじ,ほのお,とくしゅ,110,5
たきのぼり,みず,ぶつり,80,15
からではさむ,みず,ぶつり,35,15
スピードスター,ノーマル,とくしゅ,60,20
ロケットずつき,ノーマル,ぶつり,130,10
とげキャノン,ノーマル,ぶつり,20,15
からみつく,ノーマル,ぶつり,10,35
ドわすれ,エスパー,へんか,,20
スプーンまげ,エスパー,へんか,,15
タマゴうみ,ノーマル,へんか,,5
とびひざげり,かくとう,ぶつり,130,10
へびにらみ,ノーマル,へんか,,30
ゆめくい,エスパー,とくしゅ,100,15
どくガス,どく,へんか,,40
たまなげ,ノーマル,ぶつり,15,20
きゅうけつ,むし,ぶつり,80,10
あくまのキッス,ノーマル,へんか,,10
ゴッドバード,ひこう,ぶつり,140,5
へんしん,ノーマル,へんか,,10
あわ,みず,とくしゅ,40,30
ピヨピヨパンチ,ノーマル,ぶつり,70,10
キノコのほうし,くさ,へんか,,15
フラッシュ,ノーマル,へんか,,20
サイコウェーブ,エスパー,とくしゅ,,15
はねる,ノーマル,へんか,,40
とける,どく,へんか,,20
クラブハンマー,みず,ぶつり,100,10
だいばくはつ,ノーマル,ぶつり,250,5
みだれひっかき,ノーマル,ぶつり,18,15
ホネブーメラン,じめん,ぶつり,50,10
ねむる,エスパー,へんか,,5
いわなだれ,いわ,ぶつり,75,10
ひっさつまえば,ノーマル,ぶつり,80,15
かくばる,ノーマル,へんか,,30
テクスチャー,ノーマル,へんか,,30
トライアタック,ノーマル,とくしゅ,80,10
いかりのまえば,ノーマル,ぶつり,,10
きりさく,ノーマル,ぶつり,70,20
みがわり,ノーマル,へんか,,10
わるあがき,ノーマル,ぶつり,50,1
スケッチ,ノーマル,へんか,,1
トリプルキック,かくとう,ぶつり,10,10
どろぼう,あく,ぶつり,60,25
クモのす,むし,へんか,,10
こころのめ,ノーマル,へんか,,5
あくむ,ゴースト,へんか,,15
かえんぐるま,ほのお,ぶつり,60,25
いびき,ノーマル,とくしゅ,50,15
のろい,ゴースト,へんか,,10
じたばた,ノーマル,ぶつり,,15
テクスチャー2,ノーマル,へんか,,30
エアロブラスト,ひこう,とくしゅ,100,5
わたほうし,くさ,へんか,,40
きしかいせい,かくとう,ぶつり,,15
うらみ,ゴースト,へんか,,10
こなゆき,こおり,とくしゅ,40,25
まもる,ノーマル,へんか,,10
マッハパンチ,かくとう,ぶつり,40,30
こわいかお,ノーマル,へんか,,10
だましうち,あく,ぶつり,60,20
てんしのキッス,フェアリー,へんか,,10
はらだいこ,ノーマル,へんか,,10
ヘドロばくだん,どく,とくしゅ,90,10
どろかけ,じめん,とくしゅ,20,10
オクタンほう,みず,とくしゅ,65,10
まきびし,じめん,へんか,,20
でんじほう,でんき,とくしゅ,120,5
みやぶる,ノーマル,へんか,,40
みちづれ,ゴースト,へんか,,5
ほろびのうた,ノーマル,へんか,,5
こごえるかぜ,こおり,とくしゅ,55,15
みきり,かくとう,へんか,,5
ボーンラッシュ,じめん,ぶつり,25,10
ロックオン,ノーマル,へんか,,5
げきりん,ドラゴン,ぶつり,120,10
すなあらし,いわ,へんか,,10
ギガドレイン,くさ,とくしゅ,75,10
こらえる,ノーマル,へんか,,10
あまえる,フェアリー,へんか,,20
ころがる,いわ,ぶつり,30,20
みねうち,ノーマル,ぶつり,40,40
いばる,ノーマル,へんか,,15
ミルクのみ,ノーマル,へんか,,5
スパーク,でんき,ぶつり,65,20
れんぞくぎり,むし,ぶつり,40,20
はがねのつばさ,はがね,ぶつり,70,25
くろいまなざし,ノーマル,へんか,,5
メロメロ,ノーマル,へんか,,15
ねごと,ノーマル,へんか,,10
いやしのすず,ノーマル,へんか,,5
おんがえし,ノーマル,ぶつり,,20
プレゼント,ノーマル,ぶつり,,15
やつあたり,ノーマル,ぶつり,,20
しんぴのまもり,ノーマル,へんか,,25
いたみわけ,ノーマル,へんか,,20
せいなるほのお,ほのお,ぶつり,100,5
マグニチュード,じめん,ぶつり,,30
ばくれつパンチ,かくとう,ぶつり,100,5
メガホーン,むし,ぶつり,120,10
りゅうのいぶき,ドラゴン,とくしゅ,60,20
バトンタッチ,ノーマル,へんか,,40
アンコール,ノーマル,へんか,,5
おいうち,あく,ぶつり,40,20
こうそくスピン,ノーマル,ぶつり,50,40
あまいかおり,ノーマル,へんか,,20
アイアンテール,はがね,ぶつり,100,15
メタルクロー,はがね,ぶつり,50,35
あてみなげ,かくとう,ぶつり,70,10
あさのひざし,ノーマル,へんか,,5
こうごうせい,くさ,へんか,,5
つきのひかり,フェアリー,へんか,,5
めざめるパワー,ノーマル,とくしゅ,60,15
クロスチョップ,かくとう,ぶつり,100,5
たつまき,ドラゴン,とくしゅ,40,20
あまごい,みず,へんか,,5
にほんばれ,ほのお,へんか,,5
かみくだく,あく,ぶつり,80,15
ミラーコート,エスパー,とくしゅ,,20
じこあんじ,ノーマル,へんか,,10
しんそく,ノーマル,ぶつり,80,5
げんしのちから,いわ,とくしゅ,60,5
シャドーボール,ゴースト,とくしゅ,80,15
みらいよち,エスパー,とくしゅ,120,10
いわくだき,かくとう,ぶつり,40,15
うずしお,みず,とくしゅ,35,15
ふくろだたき,あく,ぶつり,,10
ねこだまし,ノーマル,ぶつり,40,10
さわぐ,ノーマル,とくしゅ,90,10
たくわえる,ノーマル,へんか,,20
はきだす,ノーマル,とくしゅ,,10
のみこむ,ノーマル,へんか,,10
ねっぷう,ほのお,とくしゅ,95,10
あられ,こおり,へんか,,10
いちゃもん,あく,へんか,,15
おだてる,あく,へんか,,15
おにび,ほのお,へんか,,15
おきみやげ,あく,へんか,,10
からげんき,ノーマル,ぶつり,70,20
きあいパンチ,かくとう,ぶつり,150,20
きつけ,ノーマル,ぶつり,70,10
このゆびとまれ,ノーマル,へんか,,20
しぜんのちから,ノーマル,へんか,,20
じゅうでん,でんき,へんか,,20
ちょうはつ,あく,へんか,,20
てだすけ,ノーマル,へんか,,20
トリック,エスパー,へんか,,10
なりきり,エスパー,へんか,,10
ねがいごと,ノーマル,へんか,,10
ねこのて,ノーマル,へんか,,20
ねをはる,くさ,へんか,,20
ばかぢから,かくとう,ぶつり,120,5
マジックコート,エスパー,へんか,,15
リサイクル,ノーマル,へんか,,10
リベンジ,かくとう,ぶつり,60,10
かわらわり,かくとう,ぶつり,75,15
あくび,ノーマル,へんか,,10
はたきおとす,あく,ぶつり,65,20
がむしゃら,ノーマル,ぶつり,,5
ふんか,ほのお,とくしゅ,150,5
スキルスワップ,エスパー,へんか,,10
ふういん,エスパー,へんか,,10
リフレッシュ,ノーマル,へんか,,20
おんねん,ゴースト,へんか,,5
よこどり,あく,へんか,,10
ひみつのちから,ノーマル,ぶつり,70,20
ダイビング,みず,ぶつり,80,10
つっぱり,かくとう,ぶつり,15,20
ほごしょく,ノーマル,へんか,,20
ほたるび,むし,へんか,,20
ラスターパージ,エスパー,とくしゅ,95,5
ミストボール,エスパー,とくしゅ,95,5
フェザーダンス,ひこう,へんか,,15
フラフラダンス,ノーマル,へんか,,20
ブレイズキック,ほのお,ぶつり,85,10
どろあそび,じめん,へんか,,15
アイスボール,こおり,ぶつり,30,20
ニードルアーム,くさ,ぶつり,60,15
なまける,ノーマル,へんか,,5
ハイパーボイス,ノーマル,とくしゅ,90,10
どくどくのキバ,どく,ぶつり,50,15
ブレイククロー,ノーマル,ぶつり,75,10
ブラストバーン,ほのお,とくしゅ,150,5
ハイドロカノン,みず,とくしゅ,150,5
コメットパンチ,はがね,ぶつり,90,10
おどろかす,ゴースト,ぶつり,30,15
ウェザーボール,ノーマル,とくしゅ,50,10
アロマセラピー,くさ,へんか,,5
うそなき,あく,へんか,,20
エアカッター,ひこう,とくしゅ,60,25
オーバーヒート,ほのお,とくしゅ,130,5
かぎわける,ノーマル,へんか,,40
がんせきふうじ,いわ,ぶつり,60,15
ぎんいろのかぜ,むし,とくしゅ,60,5
きんぞくおん,はがね,へんか,,40
くさぶえ,くさ,へんか,,15
くすぐる,ノーマル,へんか,,20
コスモパワー,エスパー,へんか,,20
しおふき,みず,とくしゅ,150,5
シグナルビーム,むし,とくしゅ,75,15
シャドーパンチ,ゴースト,ぶつり,60,20
じんつうりき,エスパー,とくしゅ,80,20
スカイアッパー,かくとう,ぶつり,85,15
すなじごく,じめん,ぶつり,35,15
ぜったいれいど,こおり,とくしゅ,,5
だくりゅう,みず,とくしゅ,90,10
タネマシンガン,くさ,ぶつり,25,30
つばめがえし,ひこう,ぶつり,60,20
つららばり,こおり,ぶつり,25,30
てっぺき,はがね,へんか,,15
とおせんぼう,ノーマル,へんか,,5
とおぼえ,ノーマル,へんか,,40
ドラゴンクロー,ドラゴン,ぶつり,80,15
ハードプラント,くさ,とくしゅ,150,5
ビルドアップ,かくとう,へんか,,20
とびはねる,ひこう,ぶつり,85,5
マッドショット,じめん,とくしゅ,55,15
ポイズンテール,どく,ぶつり,50,25
ほしがる,ノーマル,ぶつり,60,25
ボルテッカー,でんき,ぶつり,120,15
マジカルリーフ,くさ,とくしゅ,60,20
みずあそび,みず,へんか,,15
めいそう,エスパー,へんか,,20
リーフブレード,くさ,ぶつり,90,15
りゅうのまい,ドラゴン,へんか,,20
ロックブラスト,いわ,ぶつり,25,10
でんげきは,でんき,とくしゅ,60,20
みずのはどう,みず,とくしゅ,60,20
はめつのねがい,はがね,とくしゅ,140,5
サイコブースト,エスパー,とくしゅ,140,5
はねやすめ,ひこう,へんか,,5
じゅうりょく,エスパー,へんか,,5
ミラクルアイ,エスパー,へんか,,40
めざましビンタ,かくとう,ぶつり,70,10
アームハンマー,かくとう,ぶつり,100,10
ジャイロボール,はがね,ぶつり,,5
いやしのねがい,エスパー,へんか,,10
しおみず,みず,とくしゅ,65,10
しぜんのめぐみ,ノーマル,ぶつり,,15
フェイント,ノーマル,ぶつり,30,10
ついばむ,ひこう,ぶつり,60,20
おいかぜ,ひこう,へんか,,15
つぼをつく,ノーマル,へんか,,30
メタルバースト,はがね,ぶつり,,10
とんぼがえり,むし,ぶつり,70,20
インファイト,かくとう,ぶつり,120,5
しっぺがえし,あく,ぶつり,50,10
ダメおし,あく,ぶつり,60,10
さしおさえ,あく,へんか,,15
なげつける,あく,ぶつり,,10
サイコシフト,エスパー,へんか,,10
きりふだ,ノーマル,とくしゅ,,5
かいふくふうじ,エスパー,へんか,,15
しぼりとる,ノーマル,とくしゅ,,5
パワートリック,エスパー,へんか,,10
いえき,どく,へんか,,10
おまじない,ノーマル,へんか,,30
さきどり,ノーマル,へんか,,20
まねっこ,ノーマル,へんか,,20
パワースワップ,エスパー,へんか,,10
ガードスワップ,エスパー,へんか,,10
おしおき,あく,ぶつり,,5
とっておき,ノーマル,ぶつり,140,5
なやみのタネ,くさ,へんか,,10
ふいうち,あく,ぶつり,70,5
どくびし,どく,へんか,,20
ハートスワップ,エスパー,へんか,,10
アクアリング,みず,へんか,,20
でんじふゆう,でんき,へんか,,10
フレアドライブ,ほのお,ぶつり,120,15
はっけい,かくとう,ぶつり,60,10
はどうだん,かくとう,とくしゅ,80,20
ロックカット,いわ,へんか,,20
どくづき,どく,ぶつり,80,20
あくのはどう,あく,とくしゅ,80,15
つじぎり,あく,ぶつり,70,15
アクアテール,みず,ぶつり,90,10
タネばくだん,くさ,ぶつり,80,15
エアスラッシュ,ひこう,とくしゅ,75,15
シザークロス,むし,ぶつり,80,15
むしのさざめき,むし,とくしゅ,90,10
りゅうのはどう,ドラゴン,とくしゅ,85,10
ドラゴンダイブ,ドラゴン,ぶつり,100,10
パワージェム,いわ,とくしゅ,80,20
ドレインパンチ,かくとう,ぶつり,75,10
しんくうは,かくとう,とくしゅ,40,30
きあいだま,かくとう,とくしゅ,120,5
エナジーボール,くさ,とくしゅ,90,10
ブレイブバード,ひこう,ぶつり,120,15
だいちのちから,じめん,とくしゅ,90,10
すりかえ,あく,へんか,,10
ギガインパクト,ノーマル,ぶつり,150,5
わるだくみ,あく,へんか,,20
バレットパンチ,はがね,ぶつり,40,30
ゆきなだれ,こおり,ぶつり,60,10
こおりのつぶて,こおり,ぶつり,40,30
シャドークロー,ゴースト,ぶつり,70,15
かみなりのキバ,でんき,ぶつり,65,15
こおりのキバ,こおり,ぶつり,65,15
ほのおのキバ,ほのお,ぶつり,65,15
かげうち,ゴースト,ぶつり,40,30
どろばくだん,じめん,とくしゅ,65,10
サイコカッター,エスパー,ぶつり,70,20
しねんのずつき,エスパー,ぶつり,80,15
ミラーショット,はがね,とくしゅ,65,10
ラスターカノン,はがね,とくしゅ,80,10
ロッククライム,ノーマル,ぶつり,90,20
きりばらい,ひこう,へんか,,15
トリックルーム,エスパー,へんか,,5
りゅうせいぐん,ドラゴン,とくしゅ,130,5
ほうでん,でんき,とくしゅ,80,15
ふんえん,ほのお,とくしゅ,80,15
リーフストーム,くさ,とくしゅ,130,5
パワーウィップ,くさ,ぶつり,120,10
がんせきほう,いわ,ぶつり,150,5
クロスポイズン,どく,ぶつり,70,20
ダストシュート,どく,ぶつり,120,5
アイアンヘッド,はがね,ぶつり,80,15
マグネットボム,はがね,ぶつり,60,20
ストーンエッジ,いわ,ぶつり,100,5
ゆうわく,ノーマル,へんか,,20
ステルスロック,いわ,へんか,,20
くさむすび,くさ,とくしゅ,,20
おしゃべり,ひこう,とくしゅ,65,20
さばきのつぶて,ノーマル,とくしゅ,100,10
むしくい,むし,ぶつり,60,20
チャージビーム,でんき,とくしゅ,50,10
ウッドハンマー,くさ,ぶつり,120,15
アクアジェット,みず,ぶつり,40,20
こうげきしれい,むし,ぶつり,90,15
ぼうぎょしれい,むし,へんか,,10
かいふくしれい,むし,へんか,,10
もろはのずつき,いわ,ぶつり,150,5
ダブルアタック,ノーマル,ぶつり,35,10
ときのほうこう,ドラゴン,とくしゅ,150,5
あくうせつだん,ドラゴン,とくしゅ,100,5
みかづきのまい,エスパー,へんか,,10
にぎりつぶす,ノーマル,ぶつり,,5
マグマストーム,ほのお,とくしゅ,100,5
ダークホール,あく,へんか,,10
シードフレア,くさ,とくしゅ,120,5
あやしいかぜ,ゴースト,とくしゅ,60,5
シャドーダイブ,ゴースト,ぶつり,120,5
つめとぎ,あく,へんか,,15
ワイドガード,いわ,へんか,,10
ガードシェア,エスパー,へんか,,10
パワーシェア,エスパー,へんか,,10
ワンダールーム,エスパー,へんか,,10
サイコショック,エスパー,とくしゅ,80,10
ベノムショック,どく,とくしゅ,65,10
ボディパージ,はがね,へんか,,15
いかりのこな,むし,へんか,,20
テレキネシス,エスパー,へんか,,15
マジックルーム,エスパー,へんか,,10
うちおとす,いわ,ぶつり,50,15
やまあらし,かくとう,ぶつり,60,10
はじけるほのお,ほのお,とくしゅ,70,15
ヘドロウェーブ,どく,とくしゅ,95,10
ちょうのまい,むし,へんか,,20
ヘビーボンバー,はがね,ぶつり,,10
シンクロノイズ,エスパー,とくしゅ,120,10
エレキボール,でんき,とくしゅ,,10
みずびたし,みず,へんか,,20
ニトロチャージ,ほのお,ぶつり,50,20
とぐろをまく,どく,へんか,,20
ローキック,かくとう,ぶつり,65,20
アシッドボム,どく,とくしゅ,40,20
イカサマ,あく,ぶつり,95,15
シンプルビーム,ノーマル,へんか,,15
なかまづくり,ノーマル,へんか,,15
おさきにどうぞ,ノーマル,へんか,,15
りんしょう,ノーマル,とくしゅ,60,15
エコーボイス,ノーマル,とくしゅ,40,15
なしくずし,ノーマル,ぶつり,70,20
クリアスモッグ,どく,とくしゅ,50,15
アシストパワー,エスパー,とくしゅ,20,10
ファストガード,かくとう,へんか,,15
サイドチェンジ,エスパー,へんか,,15
ねっとう,みず,とくしゅ,80,15
からをやぶる,ノーマル,へんか,,15
いやしのはどう,エスパー,へんか,,10
たたりめ,ゴースト,とくしゅ,65,10
フリーフォール,ひこう,ぶつり,60,10
ギアチェンジ,はがね,へんか,,10
ともえなげ,かくとう,ぶつり,60,10
やきつくす,ほのお,とくしゅ,60,15
さきおくり,あく,へんか,,15
アクロバット,ひこう,ぶつり,55,15
ミラータイプ,ノーマル,へんか,,15
かたきうち,ノーマル,ぶつり,70,5
いのちがけ,かくとう,とくしゅ,,5
ギフトパス,ノーマル,へんか,,15
れんごく,ほのお,とくしゅ,100,5
みずのちかい,みず,とくしゅ,80,10
ほのおのちかい,ほのお,とくしゅ,80,10
くさのちかい,くさ,とくしゅ,80,10
ボルトチェンジ,でんき,とくしゅ,70,20
むしのていこう,むし,とくしゅ,50,20
じならし,じめん,ぶつり,60,20
こおりのいぶき,こおり,とくしゅ,60,10
ドラゴンテール,ドラゴン,ぶつり,60,10
ふるいたてる,ノーマル,へんか,,30
エレキネット,でんき,とくしゅ,55,15
ワイルドボルト,でんき,ぶつり,90,15
ドリルライナー,じめん,ぶつり,80,10
ダブルチョップ,ドラゴン,ぶつり,40,15
ハートスタンプ,エスパー,ぶつり,60,25
ウッドホーン,くさ,ぶつり,75,10
せいなるつるぎ,かくとう,ぶつり,90,15
シェルブレード,みず,ぶつり,75,10
ヒートスタンプ,ほのお,ぶつり,,10
グラスミキサー,くさ,とくしゅ,65,10
ハードローラー,むし,ぶつり,65,20
コットンガード,くさ,へんか,,10
ナイトバースト,あく,とくしゅ,85,10
サイコブレイク,エスパー,とくしゅ,100,10
スイープビンタ,ノーマル,ぶつり,25,10
ぼうふう,ひこう,とくしゅ,110,10
アフロブレイク,ノーマル,ぶつり,120,15
ギアソーサー,はがね,ぶつり,50,15
かえんだん,ほのお,とくしゅ,100,5
テクノバスター,ノーマル,とくしゅ,120,5
いにしえのうた,ノーマル,とくしゅ,75,10
しんぴのつるぎ,かくとう,とくしゅ,85,10
こごえるせかい,こおり,とくしゅ,65,10
らいげき,でんき,ぶつり,130,5
あおいほのお,ほのお,とくしゅ,130,5
ほのおのまい,ほのお,とくしゅ,80,10
フリーズボルト,こおり,ぶつり,140,5
コールドフレア,こおり,とくしゅ,140,5
バークアウト,あく,とくしゅ,55,15
つららおとし,こおり,ぶつり,85,10
Ｖジェネレート,ほのお,ぶつり,180,5
クロスフレイム,ほのお,とくしゅ,100,5
クロスサンダー,でんき,ぶつり,100,5
フライングプレス,かくとう,ぶつり,100,10
たたみがえし,かくとう,へんか,,10
ゲップ,どく,とくしゅ,120,10
たがやす,じめん,へんか,,10
ねばねばネット,むし,へんか,,20
とどめばり,むし,ぶつり,50,25
ゴーストダイブ,ゴースト,ぶつり,90,10
ハロウィン,ゴースト,へんか,,20
おたけび,ノーマル,へんか,,30
プラズマシャワー,でんき,へんか,,25
パラボラチャージ,でんき,とくしゅ,65,20
もりののろい,くさ,へんか,,20
はなふぶき,くさ,ぶつり,90,15
フリーズドライ,こおり,とくしゅ,70,20
チャームボイス,フェアリー,とくしゅ,40,15
すてゼリフ,あく,へんか,,20
ひっくりかえす,あく,へんか,,20
ドレインキッス,フェアリー,とくしゅ,50,10
トリックガード,フェアリー,へんか,,10
フラワーガード,フェアリー,へんか,,10
グラスフィールド,くさ,へんか,,10
ミストフィールド,フェアリー,へんか,,10
そうでん,でんき,へんか,,20
じゃれつく,フェアリー,ぶつり,90,10
ようせいのかぜ,フェアリー,とくしゅ,40,30
ムーンフォース,フェアリー,とくしゅ,95,15
ばくおんぱ,ノーマル,とくしゅ,140,10
フェアリーロック,フェアリー,へんか,,10
キングシールド,はがね,へんか,,10
なかよくする,ノーマル,へんか,,20
ないしょばなし,ノーマル,へんか,,20
ダイヤストーム,いわ,ぶつり,100,5
スチームバースト,みず,とくしゅ,110,5
いじげんホール,エスパー,とくしゅ,80,5
みずしゅりけん,みず,とくしゅ,15,20
マジカルフレイム,ほのお,とくしゅ,75,10
ニードルガード,くさ,へんか,,10
アロマミスト,フェアリー,へんか,,20
かいでんぱ,でんき,へんか,,15
ベノムトラップ,どく,へんか,,20
ふんじん,むし,へんか,,20
ジオコントロール,フェアリー,へんか,,10
じばそうさ,でんき,へんか,,20
ハッピータイム,ノーマル,へんか,,30
エレキフィールド,でんき,へんか,,10
マジカルシャイン,フェアリー,とくしゅ,80,10
おいわい,ノーマル,へんか,,40
てをつなぐ,ノーマル,へんか,,40
つぶらなひとみ,フェアリー,へんか,,30
ほっぺすりすり,でんき,ぶつり,20,20
てかげん,ノーマル,ぶつり,40,40
まとわりつく,むし,とくしゅ,20,20
グロウパンチ,かくとう,ぶつり,40,20
デスウイング,ひこう,とくしゅ,80,10
サウザンアロー,じめん,ぶつり,90,10
サウザンウェーブ,じめん,ぶつり,90,10
グランドフォース,じめん,ぶつり,90,10
はめつのひかり,フェアリー,とくしゅ,140,5
こんげんのはどう,みず,とくしゅ,110,10
だんがいのつるぎ,じめん,ぶつり,120,10
ガリョウテンセイ,ひこう,ぶつり,120,5
いじげんラッシュ,あく,ぶつり,100,5
ウルトラダッシュアタック,ノーマル,ぶつり,,1
ウルトラダッシュアタック,ノーマル,とくしゅ,,1
ぜんりょくむそうげきれつけん,かくとう,ぶつり,,1
ぜんりょくむそうげきれつけん,かくとう,とくしゅ,,1
ファイナルダイブクラッシュ,ひこう,ぶつり,,1
ファイナルダイブクラッシュ,ひこう,とくしゅ,,1
アシッドポイズンデリート,どく,ぶつり,,1
アシッドポイズンデリート,どく,とくしゅ,,1
ライジングランドオーバー,じめん,ぶつり,,1
ライジングランドオーバー,じめん,とくしゅ,,1
ワールズエンドフォール,いわ,ぶつり,,1
ワールズエンドフォール,いわ,とくしゅ,,1
ぜったいほしょくかいてんざん,むし,ぶつり,,1
ぜったいほしょくかいてんざん,むし,とくしゅ,,1
むげんあんやへのいざない,ゴースト,ぶつり,,1
むげんあんやへのいざない,ゴースト,とくしゅ,,1
ちょうぜつらせんれんげき,はがね,ぶつり,,1
ちょうぜつらせんれんげき,はがね,とくしゅ,,1
ダイナミックフルフレイム,ほのお,ぶつり,,1
ダイナミックフルフレイム,ほのお,とくしゅ,,1
スーパーアクアトルネード,みず,ぶつり,,1
スーパーアクアトルネード,みず,とくしゅ,,1
ブルームシャインエクストラ,くさ,ぶつり,,1
ブルームシャインエクストラ,くさ,とくしゅ,,1
スパーキングギガボルト,でんき,ぶつり,,1
スパーキングギガボルト,でんき,とくしゅ,,1
マキシマムサイブレイカー,エスパー,ぶつり,,1
マキシマムサイブレイカー,エスパー,とくしゅ,,1
レイジングジオフリーズ,こおり,ぶつり,,1
レイジングジオフリーズ,こおり,とくしゅ,,1
アルティメットドラゴンバーン,ドラゴン,ぶつり,,1
アルティメットドラゴンバーン,ドラゴン,とくしゅ,,1
ブラックホールイクリプス,あく,ぶつり,,1
ブラックホールイクリプス,あく,とくしゅ,,1
ラブリースターインパクト,フェアリー,ぶつり,,1
ラブリースターインパクト,フェアリー,とくしゅ,,1
ひっさつのピカチュート,でんき,ぶつり,210,1
すなあつめ,じめん,へんか,,5
であいがしら,むし,ぶつり,90,10
トーチカ,どく,へんか,,10
かげぬい,ゴースト,ぶつり,80,10
ＤＤラリアット,あく,ぶつり,85,10
うたかたのアリア,みず,とくしゅ,90,10
アイスハンマー,こおり,ぶつり,100,10
フラワーヒール,フェアリー,へんか,,10
10まんばりき,じめん,ぶつり,95,10
ちからをすいとる,くさ,へんか,,10
ソーラーブレード,くさ,ぶつり,125,10
このは,くさ,ぶつり,40,40
スポットライト,ノーマル,へんか,,15
どくのいと,どく,へんか,,20
とぎすます,ノーマル,へんか,,30
アシストギア,はがね,へんか,,20
じごくづき,あく,ぶつり,80,15
かふんだんご,むし,とくしゅ,90,15
アンカーショット,はがね,ぶつり,80,20
サイコフィールド,エスパー,へんか,,10
とびかかる,むし,ぶつり,80,15
ほのおのムチ,ほのお,ぶつり,80,15
つけあがる,あく,ぶつり,20,10
もえつきる,ほのお,とくしゅ,130,5
スピードスワップ,エスパー,へんか,,10
スマートホーン,はがね,ぶつり,70,10
じょうか,どく,へんか,,20
めざめるダンス,ノーマル,とくしゅ,90,15
コアパニッシャー,ドラゴン,とくしゅ,100,10
トロピカルキック,くさ,ぶつり,70,15
さいはい,エスパー,へんか,,15
くちばしキャノン,ひこう,ぶつり,100,15
スケイルノイズ,ドラゴン,とくしゅ,110,5
ドラゴンハンマー,ドラゴン,ぶつり,90,15
ぶんまわす,あく,ぶつり,60,20
オーロラベール,こおり,へんか,,20
シャドーアローズストライク,ゴースト,ぶつり,180,1
ハイパーダーククラッシャー,あく,ぶつり,180,1
わだつみのシンフォニア,みず,とくしゅ,195,1
ガーディアン・デ・アローラ,フェアリー,とくしゅ,,1
しちせいだっこんたい,ゴースト,ぶつり,195,1
ライトニングサーフライド,でんき,とくしゅ,175,1
ほんきをだす　こうげき,ノーマル,ぶつり,210,1
ナインエボルブースト,ノーマル,へんか,,1
オリジンズスーパーノヴァ,エスパー,とくしゅ,185,1
トラップシェル,ほのお,とくしゅ,150,5
フルールカノン,フェアリー,とくしゅ,130,5
サイコファング,エスパー,ぶつり,85,10
じだんだ,じめん,ぶつり,75,10
シャドーボーン,ゴースト,ぶつり,85,10
アクセルロック,いわ,ぶつり,40,20
アクアブレイク,みず,ぶつり,85,10
プリズムレーザー,エスパー,とくしゅ,160,10
シャドースチール,ゴースト,ぶつり,90,10
メテオドライブ,はがね,ぶつり,100,5
シャドーレイ,ゴースト,とくしゅ,100,5
なみだめ,ノーマル,へんか,,20
びりびりちくちく,でんき,ぶつり,80,10
しぜんのいかり,フェアリー,とくしゅ,,10
マルチアタック,ノーマル,ぶつり,120,10
1000まんボルト,でんき,とくしゅ,195,1
ビックリヘッド,ほのお,とくしゅ,150,5
プラズマフィスト,でんき,ぶつり,100,15
フォトンゲイザー,エスパー,とくしゅ,100,5
てんこがすめつぼうのひかり,エスパー,とくしゅ,200,1
サンシャインスマッシャー,はがね,ぶつり,200,1
ムーンライトブラスター,ゴースト,とくしゅ,200,1
ぽかぼかフレンドタイム,フェアリー,ぶつり,190,1
ラジアルエッジストーム,いわ,ぶつり,190,1
ブレイジングソウルビート,ドラゴン,とくしゅ,185,1
ばちばちアクセル,でんき,ぶつり,80,10
ざぶざぶサーフ,みず,とくしゅ,90,15
ふわふわフォール,ひこう,ぶつり,90,15
ピカピカサンダー,でんき,とくしゅ,,20
いきいきバブル,みず,とくしゅ,60,20
びりびりエレキ,でんき,とくしゅ,60,20
めらめらバーン,ほのお,ぶつり,60,20
どばどばオーラ,エスパー,とくしゅ,80,15
わるわるゾーン,あく,とくしゅ,80,15
すくすくボンバー,くさ,ぶつり,100,10
こちこちフロスト,こおり,とくしゅ,100,10
きらきらストーム,フェアリー,とくしゅ,120,5
ブイブイブレイク,ノーマル,ぶつり,,20
ダブルパンツァー,はがね,ぶつり,60,5
ダイウォール,ノーマル,へんか,,10
ダイマックスほう,ドラゴン,とくしゅ,100,5
ねらいうち,みず,とくしゅ,80,15
くらいつく,あく,ぶつり,80,10
ほおばる,ノーマル,へんか,,10
はいすいのじん,かくとう,へんか,,5
タールショット,いわ,へんか,,15
まほうのこな,エスパー,へんか,,20
ドラゴンアロー,ドラゴン,ぶつり,50,10
おちゃかい,ノーマル,へんか,,10
たこがため,かくとう,へんか,,15
でんげきくちばし,でんき,ぶつり,85,10
エラがみ,みず,ぶつり,85,10
コートチェンジ,ノーマル,へんか,,10
ダイバーン,ほのお,ぶつり,100,10
ダイワーム,むし,ぶつり,10,10
ダイサンダー,でんき,ぶつり,10,10
ダイアタック,ノーマル,ぶつり,10,10
ダイナックル,かくとう,ぶつり,10,10
ダイホロウ,ゴースト,ぶつり,10,10
ダイアイス,こおり,ぶつり,10,10
ダイアシッド,どく,ぶつり,10,10
ダイストリーム,みず,ぶつり,10,10
ダイジェット,ひこう,ぶつり,10,10
ダイフェアリー,フェアリー,ぶつり,10,10
ダイドラグーン,ドラゴン,ぶつり,10,10
ダイサイコ,エスパー,ぶつり,10,10
ダイロック,いわ,ぶつり,10,10
ダイアース,じめん,ぶつり,10,10
ダイアーク,あく,ぶつり,10,10
ダイソウゲン,くさ,ぶつり,10,10
ダイスチル,はがね,ぶつり,10,10
ソウルビート,ドラゴン,へんか,,5
ボディプレス,かくとう,ぶつり,80,10
デコレーション,フェアリー,へんか,,15
ドラムアタック,くさ,ぶつり,80,10
トラバサミ,くさ,ぶつり,35,15
かえんボール,ほのお,ぶつり,120,5
きょじゅうざん,はがね,ぶつり,100,5
きょじゅうだん,はがね,ぶつり,100,5
オーラぐるま,でんき,ぶつり,110,10
ワイドブレイカー,ドラゴン,ぶつり,60,15
えだづき,くさ,ぶつり,40,40
オーバードライブ,でんき,とくしゅ,80,10
りんごさん,くさ,とくしゅ,80,10
Ｇのちから,くさ,ぶつり,80,10
ソウルクラッシュ,フェアリー,ぶつり,75,15
ワンダースチーム,フェアリー,とくしゅ,90,10
いのちのしずく,みず,へんか,,10
ブロッキング,あく,へんか,,10
どげざつき,あく,ぶつり,80,10
スターアサルト,かくとう,ぶつり,150,5
ムゲンダイビーム,ドラゴン,とくしゅ,160,5
てっていこうせん,はがね,とくしゅ,140,5
ワイドフォース,エスパー,とくしゅ,80,10
アイアンローラー,はがね,ぶつり,130,5
スケイルショット,ドラゴン,ぶつり,25,20
メテオビーム,いわ,とくしゅ,120,10
シェルアームズ,どく,とくしゅ,90,10
ミストバースト,フェアリー,とくしゅ,100,5
グラススライダー,くさ,ぶつり,55,20
ライジングボルト,でんき,とくしゅ,70,20
だいちのはどう,ノーマル,とくしゅ,50,10
はいよるいちげき,むし,ぶつり,70,10
しっとのほのお,ほのお,とくしゅ,70,5
うっぷんばらし,あく,ぶつり,75,5
ポルターガイスト,ゴースト,ぶつり,110,5
ふしょくガス,どく,へんか,,40
コーチング,かくとう,へんか,,10
クイックターン,みず,ぶつり,60,20
トリプルアクセル,こおり,ぶつり,20,10
ダブルウイング,ひこう,ぶつり,40,10
ねっさのだいち,じめん,とくしゅ,70,10
ジャングルヒール,くさ,へんか,,10
あんこくきょうだ,あく,ぶつり,75,5
すいりゅうれんだ,みず,ぶつり,25,5
サンダープリズン,でんき,とくしゅ,80,15
ドラゴンエナジー,ドラゴン,とくしゅ,150,5
いてつくしせん,エスパー,とくしゅ,90,10
もえあがるいかり,あく,とくしゅ,90,10
らいめいげり,かくとう,ぶつり,90,10
ブリザードランス,こおり,ぶつり,120,5
アストラルビット,ゴースト,とくしゅ,120,5
ぶきみなじゅもん,エスパー,とくしゅ,80,5
フェイタルクロー,どく,ぶつり,80,15
バリアーラッシュ,エスパー,ぶつり,70,10
パワーシフト,ノーマル,へんか,0,10
がんせきアックス,いわ,ぶつり,65,15
はるのあらし,フェアリー,とくしゅ,100,5
しんぴのちから,エスパー,とくしゅ,70,10
だいふんげき,ほのお,ぶつり,120,10
ウェーブタックル,みず,ぶつり,120,10
クロロブラスト,くさ,とくしゅ,150,5
ひょうざんおろし,こおり,ぶつり,100,10
しょうりのまい,かくとう,へんか,0,10
ぶちかまし,じめん,ぶつり,120,5
どくばりセンボン,どく,ぶつり,60,10
オーラウイング,エスパー,とくしゅ,80,10
うらみつらみ,ゴースト,とくしゅ,75,10
たてこもる,はがね,へんか,0,10
3ぼんのや,かくとう,ぶつり,90,10
ひゃっきやこう,ゴースト,とくしゅ,60,15
ひけん・ちえなみ,あく,ぶつり,65,15
こがらしあらし,ひこう,とくしゅ,100,10
かみなりあらし,でんき,とくしゅ,100,10
ねっさのあらし,じめん,とくしゅ,100,10
みかづきのいのり,エスパー,へんか,0,5
ブレイブチャージ,エスパー,へんか,0,10
テラバースト,ノーマル,とくしゅ,80,10
スレッドトラップ,むし,へんか,0,10
かかとおとし,かくとう,ぶつり,120,10
おはかまいり,ゴースト,ぶつり,50,10
ルミナコリジョン,エスパー,とくしゅ,80,10
いっちょうあがり,ドラゴン,ぶつり,80,10
ジェットパンチ,みず,ぶつり,60,15
ハバネロエキス,くさ,へんか,0,15
ホイールスピン,はがね,ぶつり,100,5
ネズミざん,ノーマル,ぶつり,20,10
アイススピナー,こおり,ぶつり,80,15
きょけんとつげき,ドラゴン,ぶつり,120,5
さいきのいのり,ノーマル,へんか,0,1
しおづけ,いわ,ぶつり,40,15
トリプルダイブ,みず,ぶつり,30,10
キラースピン,どく,ぶつり,30,15
うつしえ,ノーマル,へんか,0,10
みをけずる,ノーマル,へんか,0,10
ドゲザン,あく,ぶつり,85,10
トリックフラワー,くさ,ぶつり,70,10
フレアソング,ほのお,とくしゅ,80,10
アクアステップ,みず,ぶつり,80,10
レイジングブル,ノーマル,ぶつり,90,10
ゴールドラッシュ,はがね,とくしゅ,120,5
サイコブレイド ,エスパー,ぶつり,80,15
ハイドロスチーム,みず,とくしゅ,80,15
カタストロフィ,あく,とくしゅ,1,10
アクセルブレイク,かくとう,ぶつり,100,5
イナズマドライブ,でんき,とくしゅ,100,5
しっぽきり,ノーマル,へんか,0,10
さむいギャグ,こおり,へんか,0,10
おかたづけ,ノーマル,へんか,0,10
ゆきげしき,こおり,へんか,0,10
とびつく,むし,ぶつり,50,20
くさわけ,くさ,ぶつり,50,20
ひやみず,みず,とくしゅ,50,20
ハイパードリル,ノーマル,ぶつり,100,5
ツインビーム,エスパー,とくしゅ,40,10
ふんどのこぶし,ゴースト,ぶつり,50,10
アーマーキャノン,ほのお,とくしゅ,120,5
むねんのつるぎ,ほのお,ぶつり,90,10
でんこうそうげき,でんき,ぶつり,120,5
デカハンマー,はがね,ぶつり,160,5
ほうふく,あく,ぶつり,1,10
アクアカッター,みず,ぶつり,70,20
バーンアクセル,ほのお,ぶつり,80,10
ダークアクセル,あく,ぶつり,80,10
ポイズンアクセル,どく,ぶつり,100,10
ファイトアクセル,かくとう,ぶつり,100,10
マジカルアクセル,フェアリー,ぶつり,100,10
ブラッドムーン,ノーマル,とくしゅ,140,5
シャカシャカほう,くさ,とくしゅ,80,15
みずあめボム,くさ,とくしゅ,60,10
ツタこんぼう,くさ,ぶつり,100,10
エレクトロビーム,でんき,とくしゅ,130,10
テラクラスター,ノーマル,とくしゅ,120,5
きまぐレーザー,ドラゴン,とくしゅ,80,5
かえんのまもり,ほのお,へんか,0,10
じんらい,でんき,とくしゅ,70,5
パワフルエッジ,いわ,ぶつり,95,5
タキオンカッター,はがね,とくしゅ,50,10
ハードプレス,はがね,ぶつり,0,10
ドラゴンエール,ドラゴン,へんか,0,15
みわくのボイス,フェアリー,とくしゅ,80,10
やけっぱち,ほのお,ぶつり,75,10
サンダーダイブ,でんき,ぶつり,100,15
サイコノイズ,エスパー,とくしゅ,75,10
はやてがえし,かくとう,ぶつり,65,15
じゃどくのくさり,どく,とくしゅ,100,5
